<?xml version="1.0" encoding="UTF-8"?>
<!DOCTYPE mapper
  PUBLIC "-//mybatis.org//DTD Mapper 3.0//EN"
  "http://mybatis.org/dtd/mybatis-3-mapper.dtd">
<mapper namespace="FreeBoard_mapper">
	<select id="selectFreeBoard" resultType="www.community.com.freeboard.FreeBoardVo">
		SELECT 
			`index` AS `index`
			, image AS image
			, title AS title
			, contents AS contents
			, regname AS regName
			, regdate AS regDate
			, `count` AS `count`
			, recommand AS recommand
		FROM freeboard
	</select>
	
	
	<select id="selectFreeBoardCount" parameterType="www.community.com.freeboard.FreeBoardVo" resultType="int">
		SELECT 
			count(*) AS cnt
		FROM freeboard
		<if test='search_text neq null and search_text neq ""'>
			WHERE CONCAT(title,regname) LIKE CONCAT('%',#{search_text},'%')
		</if>
	</select>
	
	
	<select id="selectFreeBoardBySearch" parameterType="www.community.com.freeboard.FreeBoardVo" resultType="www.community.com.freeboard.FreeBoardVo">
		SELECT 
			`index` AS `index`
			, image AS image
			, title AS title
			, contents AS contents
			, regname AS regName
			, regdate AS regDate
			, `count` AS `count`
			, recommand AS recommand
		FROM freeboard
		<if test='search_text neq null and search_text neq ""'>
			WHERE CONCAT(title,regname) LIKE CONCAT('%',#{search_text},'%')
		</if>
		<!-- 게시글 내림차순 -->
		ORDER BY `index` desc
		limit ${startIndex},${pageSize}
	</select>
	
	
	<select id="readText" parameterType="int" resultType="www.community.com.freeboard.FreeBoardVo">
		SELECT 
			`index` AS `index`
			, image AS image
			, title AS title
			, contents AS contents
			, regname AS regName
			, DATE_FORMAT(regdate,"%Y-%m-%d") AS regDate
			, `count` AS `count`
			, recommand AS recommand
		FROM freeboard
		WHERE `index` = ${value}
	</select>
	
	<insert id="registerText" parameterType="www.community.com.freeboard.FreeBoardVo">
		insert into freeboard (title,contents,regname,regdate)
		values (#{title},#{contents},#{regName},NOW())
	</insert>
	
	
	<update id="updateCount" parameterType="int">
		UPDATE freeboard SET `count` = IFNULL(`count`,0)+1
		WHERE `index` = ${value}
	</update>
	
	
	<update id="updateText" parameterType="www.community.com.freeboard.FreeBoardVo">
		update freeboard set title = #{title},
				contents = #{contents},
				regDate = NOW()
		WHERE `index` = ${index}
	</update>
	
	<delete id="deleteText" parameterType="www.community.com.freeboard.FreeBoardVo">
		delete from freeboard
		WHERE `index` = ${index}
	</delete>
	
</mapper>
